iteration,dropped_feature,remaining_features,dropped_corr,lr_accuracy,lr_f1_score,lr_roc_auc,rf_accuracy,rf_f1_score,rf_roc_auc,mlp_accuracy,mlp_f1_score,mlp_roc_auc
0,None (Baseline),1000,,0.75,0.8,1.0,0.75,0.8,1.0,0.75,0.8,1.0
1,RBD_THR107_ACE2_ASN490,999,0.9994432071257148,0.75,0.8,1.0,0.75,0.8,1.0,0.75,0.8,1.0
2,RBD_TYR184_ACE2_SER493,998,0.9974138698131734,0.75,0.8,1.0,0.75,0.8,1.0,0.75,0.8,1.0
3,RBD_ILE101_ACE2_ASN490,997,0.9960204206377409,0.75,0.8,1.0,0.75,0.8,1.0,0.75,0.8,1.0
4,RBD_VAL166_ACE2_PHE446,996,0.995077036495504,0.75,0.8,1.0,0.75,0.8,1.0,0.75,0.8,1.0
5,RBD_LEU77_ACE2_PRO371,995,0.9942399847360814,0.75,0.8,1.0,0.75,0.8,1.0,0.75,0.8,1.0
6,RBD_ASN136_ACE2_ASN259,994,0.9934391116500911,0.75,0.8,1.0,0.75,0.8,1.0,1.0,1.0,1.0
7,RBD_GLN157_ACE2_SER489,993,0.9930227573370949,0.75,0.8,1.0,0.75,0.8,1.0,0.75,0.8,1.0
8,RBD_GLU19_ACE2_LYS335,992,0.9927047862577569,0.75,0.8,1.0,0.75,0.8,1.0,0.75,0.8,1.0
9,RBD_LEU158_ACE2_ASN490,991,0.9926703751807898,0.75,0.8,1.0,0.75,0.8,1.0,0.75,0.8,1.0
10,RBD_ARG159_ACE2_CYS480,990,0.9923810312537307,0.75,0.8,1.0,0.75,0.8,1.0,0.75,0.8,1.0
11,RBD_GLU163_ACE2_SER489,989,0.992189332120865,0.75,0.8,1.0,0.75,0.8,1.0,0.75,0.8,1.0
12,RBD_LEU102_ACE2_ASP491,988,0.9917459042568049,0.75,0.8,1.0,0.75,0.8,1.0,0.75,0.8,1.0
13,RBD_LEU161_ACE2_TYR479,987,0.9912752941136724,0.75,0.8,1.0,0.75,0.8,1.0,0.75,0.8,1.0
14,RBD_GLY155_ACE2_SER484,986,0.9911009237894652,0.75,0.8,1.0,0.75,0.8,1.0,0.75,0.8,1.0
15,RBD_ALA146_ACE2_PRO472,985,0.9910558709800036,0.75,0.8,1.0,0.75,0.8,1.0,0.75,0.8,1.0
16,RBD_SER26_ACE2_TRP331,984,0.9904693177917473,0.75,0.8,1.0,0.75,0.8,1.0,0.75,0.8,1.0
17,RBD_TRP30_ACE2_TRP331,983,0.990261182433676,0.75,0.8,1.0,0.75,0.8,1.0,0.75,0.8,1.0
18,RBD_ASP20_ACE2_LYS335,982,0.9897154862938969,0.75,0.8,1.0,0.75,0.8,1.0,0.75,0.8,1.0
19,RBD_ASP180_ACE2_PHE446,981,0.9895571706682372,0.75,0.8,1.0,0.75,0.8,1.0,0.75,0.8,1.0
20,RBD_ARG159_ACE2_TYR479,980,0.9894720308042656,0.75,0.8,1.0,0.75,0.8,0.75,0.75,0.8,1.0
21,RBD_SER106_ACE2_SER489,979,0.9887061676284778,0.75,0.8,1.0,0.75,0.8,1.0,0.75,0.8,1.0
22,RBD_ASP20_ACE2_PHE372,978,0.9875439247234775,0.75,0.8,1.0,0.75,0.8,1.0,0.75,0.8,1.0
23,RBD_SER106_ACE2_ASP491,977,0.9873004749181542,0.75,0.8,1.0,0.75,0.8,1.0,0.75,0.8,1.0
24,RBD_ARG151_ACE2_TYR479,976,0.9865329218173267,0.75,0.8,1.0,0.75,0.8,1.0,0.75,0.8,1.0
25,RBD_LEU79_ACE2_LEU374,975,0.9863683037426433,0.75,0.8,1.0,0.75,0.8,1.0,0.75,0.8,1.0
26,RBD_TRP185_ACE2_ILE495,974,0.9862196190363728,0.75,0.8,1.0,0.75,0.8,1.0,0.75,0.8,1.0
27,RBD_MET105_ACE2_ASN490,973,0.9858780574583386,0.75,0.8,1.0,0.75,0.8,1.0,0.75,0.8,1.0
28,RBD_ARG143_ACE2_GLY250,972,0.9846256683081148,0.75,0.8,1.0,0.75,0.8,1.0,0.75,0.8,1.0
29,RBD_TYR165_ACE2_ASP491,971,0.9845813581964608,0.75,0.8,1.0,0.75,0.8,1.0,0.75,0.8,1.0
30,RBD_VAL166_ACE2_LYS447,970,0.9839527918798214,0.75,0.8,1.0,0.75,0.8,1.0,0.75,0.8,1.0
31,RBD_ALA135_ACE2_TRP253,969,0.9834558980491217,0.75,0.8,1.0,0.75,0.8,0.75,0.75,0.8,1.0
32,RBD_THR34_ACE2_PRO318,968,0.9833513796025745,0.75,0.8,1.0,0.75,0.8,1.0,0.75,0.8,1.0
33,RBD_MET134_ACE2_MET252,967,0.9830765519015859,0.75,0.8,1.0,0.75,0.8,1.0,0.75,0.8,1.0
34,RBD_LEU144_ACE2_PRO474,966,0.9830021393860797,0.75,0.8,1.0,0.75,0.8,1.0,0.75,0.8,1.0
35,RBD_TYR162_ACE2_ASN490,965,0.9829023495240357,0.75,0.8,1.0,0.75,0.8,1.0,0.75,0.8,1.0
36,RBD_VAL166_ACE2_VAL445,964,0.9822983011113946,0.75,0.8,1.0,0.75,0.8,1.0,0.75,0.8,1.0
37,RBD_ASP188_ACE2_GLU380,963,0.9821644308499402,0.75,0.8,1.0,0.75,0.8,1.0,0.75,0.8,1.0
38,RBD_GLY182_ACE2_TRP443,962,0.9820565339091633,0.75,0.8,1.0,0.75,0.8,1.0,0.75,0.8,1.0
39,RBD_GLU190_ACE2_ARG201,961,0.9818710722001168,0.75,0.8,1.0,0.75,0.8,1.0,0.75,0.8,1.0
40,RBD_LEU158_ACE2_SER489,960,0.9818047979969979,0.75,0.8,1.0,0.75,0.8,1.0,0.75,0.8,1.0
41,RBD_TYR109_ACE2_ASN490,959,0.98162676356712,0.75,0.8,1.0,0.75,0.8,1.0,0.75,0.8,1.0
42,RBD_GLU190_ACE2_GLU380,958,0.9814800059749761,0.75,0.8,1.0,0.75,0.8,1.0,0.75,0.8,1.0
43,RBD_TYR181_ACE2_ASP491,957,0.9814268833906016,0.75,0.8,1.0,0.75,0.8,1.0,0.75,0.8,1.0
44,RBD_GLN78_ACE2_GLN370,956,0.9813188867896053,0.75,0.8,1.0,0.75,0.8,1.0,0.75,0.8,1.0
45,RBD_LYS169_ACE2_LYS447,955,0.9812166273735891,0.75,0.8,1.0,0.75,0.8,0.875,0.75,0.8,1.0
46,RBD_ARG143_ACE2_LEU248,954,0.9812099722929035,0.75,0.8,1.0,0.75,0.8,1.0,0.75,0.8,1.0
47,RBD_GLY187_ACE2_ASN379,953,0.9809266224201584,0.75,0.8,1.0,0.75,0.8,1.0,0.75,0.8,1.0
48,RBD_ASP183_ACE2_VAL445,952,0.9808456379439829,0.75,0.8,1.0,0.75,0.8,1.0,0.75,0.8,1.0
49,RBD_LEU102_ACE2_TYR492,951,0.9808113367100164,0.75,0.8,1.0,0.75,0.8,1.0,0.75,0.8,1.0
50,RBD_ASN15_ACE2_LEU373,950,0.9804666118031828,0.75,0.8,1.0,0.75,0.8,1.0,0.75,0.8,1.0
51,RBD_GLY182_ACE2_GLY448,949,0.9803307884501585,0.75,0.8,1.0,0.75,0.8,0.75,0.75,0.8,1.0
52,RBD_SER106_ACE2_ASN490,948,0.9797262907650087,0.75,0.8,1.0,0.75,0.8,1.0,1.0,1.0,1.0
53,RBD_ASN35_ACE2_LEU341,947,0.9796903189101094,0.75,0.8,1.0,0.75,0.8,1.0,0.75,0.8,1.0
54,RBD_THR74_ACE2_GLN370,946,0.9791069122412399,0.75,0.8,1.0,0.75,0.8,1.0,0.75,0.8,1.0
55,RBD_THR34_ACE2_GLY319,945,0.9789887895048084,0.75,0.8,1.0,0.75,0.8,1.0,0.75,0.8,1.0
56,RBD_TYR162_ACE2_ASP491,944,0.978146217170809,0.75,0.8,1.0,0.75,0.8,1.0,0.75,0.8,1.0
57,RBD_ARG143_ACE2_HIE247,943,0.9780246871232205,0.75,0.8,1.0,0.75,0.8,1.0,0.75,0.8,1.0
58,RBD_ASN33_ACE2_PRO318,942,0.9779808021435761,0.75,0.8,1.0,0.75,0.8,1.0,0.75,0.8,1.0
59,RBD_THR37_ACE2_VAL325,941,0.9779031618539769,0.75,0.8,1.0,0.75,0.8,1.0,0.75,0.8,1.0
60,RBD_TYR109_ACE2_SER489,940,0.9778635722266293,0.75,0.8,1.0,0.75,0.8,1.0,0.75,0.8,1.0
61,RBD_TYR23_ACE2_GLY334,939,0.9777612291123319,0.75,0.8,1.0,0.75,0.8,1.0,0.75,0.8,1.0
62,RBD_THR104_ACE2_ASN490,938,0.9770822730158206,0.75,0.8,1.0,0.75,0.8,1.0,0.75,0.8,1.0
63,RBD_TYR181_ACE2_LYS447,937,0.9766154712109454,0.75,0.8,1.0,0.75,0.8,1.0,0.75,0.8,1.0
64,RBD_VAL166_ACE2_SER489,936,0.9762288689362753,0.75,0.8,1.0,0.75,0.8,1.0,0.75,0.8,1.0
65,RBD_ALA81_ACE2_LEU374,935,0.9758025442987969,0.75,0.8,1.0,0.75,0.8,1.0,0.75,0.8,1.0
66,RBD_GLY182_ACE2_LYS447,934,0.9757441928237753,0.75,0.8,1.0,0.75,0.8,1.0,0.75,0.8,1.0
67,RBD_TYR181_ACE2_SER493,933,0.9753920424090684,0.75,0.8,1.0,0.75,0.8,1.0,0.75,0.8,1.0
68,RBD_TYR140_ACE2_LEU249,932,0.974918076426239,0.75,0.8,1.0,0.75,0.8,1.0,0.75,0.8,1.0
69,RBD_ALA81_ACE2_PHE372,931,0.9748632017610697,0.75,0.8,1.0,0.75,0.8,1.0,0.75,0.8,1.0
70,RBD_LEU130_ACE2_TRP253,930,0.9745438754194019,0.75,0.8,1.0,0.75,0.8,1.0,0.75,0.8,1.0
71,RBD_TRP185_ACE2_TYR492,929,0.9743081479306871,0.75,0.8,1.0,0.75,0.8,1.0,0.75,0.8,1.0
72,RBD_LYS156_ACE2_SER484,928,0.974187847283737,0.75,0.8,1.0,0.75,0.8,1.0,0.75,0.8,1.0
73,RBD_GLY182_ACE2_ASP491,927,0.9740873416824009,0.75,0.8,1.0,0.75,0.8,1.0,0.75,0.8,1.0
74,RBD_GLU153_ACE2_TYR479,926,0.9737231999169079,0.75,0.8,1.0,0.75,0.8,1.0,0.75,0.8,1.0
75,RBD_ARG159_ACE2_ALA483,925,0.9733577154029496,0.75,0.8,1.0,0.75,0.8,1.0,0.75,0.8,1.0
76,RBD_GLU179_ACE2_ARG201,924,0.9729526656622007,0.75,0.8,1.0,0.75,0.8,1.0,0.75,0.8,1.0
77,RBD_LEU158_ACE2_VAL488,923,0.9724943373663032,0.75,0.8,1.0,0.75,0.8,1.0,0.75,0.8,1.0
78,RBD_ASN103_ACE2_ASN490,922,0.9724469656867581,0.75,0.8,1.0,0.75,0.8,1.0,0.75,0.8,1.0
79,RBD_GLU17_ACE2_PRO371,921,0.9720866459063296,0.75,0.8,1.0,0.75,0.8,1.0,0.75,0.8,1.0
80,RBD_ALA135_ACE2_THR258,920,0.9711798405361228,0.75,0.8,1.0,0.75,0.8,1.0,0.75,0.8,1.0
81,RBD_PRO160_ACE2_TYR479,919,0.970903300372265,0.75,0.8,1.0,0.75,0.8,1.0,0.75,0.8,1.0
82,RBD_THR74_ACE2_PRO371,918,0.9708916018809349,0.75,0.8,1.0,0.75,0.8,1.0,0.75,0.8,1.0
83,RBD_ARG159_ACE2_ASP481,917,0.9705485668944976,0.75,0.8,1.0,0.75,0.8,1.0,0.75,0.8,1.0
84,RBD_ARG159_ACE2_SER489,916,0.9705479236057204,0.75,0.8,1.0,0.75,0.8,1.0,0.75,0.8,1.0
85,RBD_SER110_ACE2_ASN490,915,0.9704917084213323,0.75,0.8,1.0,0.75,0.8,1.0,0.75,0.8,1.0
86,RBD_TRP147_ACE2_PRO472,914,0.9703366581735455,0.75,0.8,1.0,0.75,0.8,1.0,0.75,0.8,1.0
87,RBD_TYR181_ACE2_TYR492,913,0.9701795030145012,0.75,0.8,1.0,0.75,0.8,1.0,0.75,0.8,1.0
88,RBD_TYR109_ACE2_SER484,912,0.9698011046411158,0.75,0.8,1.0,0.75,0.8,1.0,0.75,0.8,1.0
89,RBD_TRP147_ACE2_SER484,911,0.9689677288803948,0.75,0.8,1.0,0.75,0.8,0.75,0.75,0.8,1.0
90,RBD_ASN192_ACE2_TRP548,910,0.9688343722581351,0.75,0.8,1.0,0.75,0.8,1.0,0.75,0.8,1.0
91,RBD_SER152_ACE2_TYR479,909,0.9683878212915211,0.75,0.8,1.0,0.75,0.8,1.0,0.75,0.8,1.0
92,RBD_GLU148_ACE2_PRO472,908,0.9683510980765422,0.75,0.8,1.0,0.75,0.8,1.0,0.75,0.8,1.0
93,RBD_TYR197_ACE2_ALA551,907,0.9680983259655732,0.75,0.8,1.0,0.75,0.8,1.0,0.75,0.8,1.0
94,RBD_TRP150_ACE2_TYR479,906,0.968088140262667,0.75,0.8,1.0,0.75,0.8,1.0,0.75,0.8,1.0
95,RBD_LEU168_ACE2_PHE446,905,0.9678164489931252,0.75,0.8,1.0,0.75,0.8,1.0,0.75,0.8,1.0
96,RBD_GLU19_ACE2_LEU374,904,0.9675283754083996,0.75,0.8,1.0,0.75,0.8,0.75,0.75,0.8,1.0
97,RBD_ASN136_ACE2_ASP251,903,0.9671919429563982,0.75,0.8,1.0,0.75,0.8,1.0,0.75,0.8,1.0
98,RBD_LEU77_ACE2_LEU374,902,0.9670719522383936,0.75,0.8,1.0,0.75,0.8,1.0,0.75,0.8,1.0
99,RBD_ASP180_ACE2_LYS447,901,0.966935836388437,0.75,0.8,1.0,0.75,0.8,1.0,0.75,0.8,1.0
100,RBD_GLY182_ACE2_GLU439,900,0.966857705024491,0.75,0.8,1.0,0.75,0.8,1.0,0.75,0.8,1.0
101,RBD_ARG186_ACE2_ILE495,899,0.9667831582243555,0.75,0.8,1.0,0.75,0.8,1.0,0.75,0.8,1.0
102,RBD_VAL166_ACE2_MET444,898,0.9666309220268551,0.75,0.8,1.0,0.75,0.8,0.875,0.75,0.8,1.0
103,RBD_GLN157_ACE2_ASP481,897,0.9665782566899916,0.75,0.8,1.0,0.75,0.8,0.75,0.75,0.8,1.0
104,RBD_SER149_ACE2_TYR479,896,0.9664488667956662,0.75,0.8,1.0,0.75,0.8,0.75,1.0,1.0,1.0
105,RBD_TRP30_ACE2_LEU333,895,0.9660964155644179,0.75,0.8,1.0,0.75,0.8,1.0,0.75,0.8,1.0
106,RBD_ASP180_ACE2_GLY448,894,0.9660859062392657,0.75,0.8,1.0,0.75,0.8,1.0,0.75,0.8,1.0
107,RBD_TRP147_ACE2_GLY250,893,0.9654200809560617,0.75,0.8,1.0,0.75,0.8,1.0,0.75,0.8,1.0
108,RBD_MET105_ACE2_SER489,892,0.9651520753801197,0.75,0.8,1.0,0.75,0.8,0.875,0.75,0.8,1.0
109,RBD_TRP147_ACE2_ASP251,891,0.9646227523736656,0.75,0.8,1.0,0.75,0.8,1.0,0.75,0.8,1.0
110,RBD_ILE108_ACE2_ASN490,890,0.9643955272019705,0.75,0.8,1.0,0.75,0.8,0.75,0.75,0.8,1.0
111,RBD_TYR181_ACE2_PHE446,889,0.9642289075901053,0.75,0.8,1.0,0.75,0.8,1.0,0.75,0.8,1.0
112,RBD_GLY182_ACE2_TRP441,888,0.9640254968917777,0.75,0.8,1.0,0.75,0.8,1.0,0.75,0.8,1.0
113,RBD_TYR162_ACE2_TYR479,887,0.9633968268474318,0.75,0.8,1.0,0.75,0.8,1.0,0.75,0.8,1.0
114,RBD_TRP150_ACE2_CYS480,886,0.9632096406271634,0.75,0.8,1.0,0.75,0.8,1.0,0.75,0.8,1.0
115,RBD_GLY182_ACE2_TYR492,885,0.9626881211591396,0.75,0.8,1.0,0.75,0.8,1.0,0.75,0.8,1.0
116,RBD_GLY187_ACE2_GLU380,884,0.962585535886152,0.75,0.8,1.0,0.75,0.8,1.0,0.75,0.8,1.0
117,RBD_SER152_ACE2_SER484,883,0.9625225665212765,0.75,0.8,1.0,0.75,0.8,1.0,0.75,0.8,1.0
118,RBD_LEU138_ACE2_LEU249,882,0.9617966550621663,0.75,0.8,1.0,0.75,0.8,1.0,0.75,0.8,1.0
119,RBD_LEU27_ACE2_LEU333,881,0.9617921275240985,0.75,0.8,1.0,0.75,0.8,1.0,1.0,1.0,1.0
120,RBD_GLN78_ACE2_ARG375,880,0.9616000455095765,0.75,0.8,1.0,0.75,0.8,1.0,0.75,0.8,1.0
121,RBD_VAL154_ACE2_THR478,879,0.9614034921818453,0.75,0.8,1.0,0.75,0.8,1.0,1.0,1.0,1.0
122,RBD_TYR199_ACE2_LEU204,878,0.9610198914222806,0.75,0.8,1.0,0.75,0.8,0.75,0.75,0.8,1.0
123,RBD_LEU161_ACE2_CYS480,877,0.9606281754468246,0.75,0.8,1.0,0.75,0.8,1.0,0.75,0.8,1.0
124,RBD_ARG159_ACE2_SER484,876,0.9601875013230967,0.75,0.8,1.0,0.75,0.8,1.0,0.75,0.8,1.0
125,RBD_ARG159_ACE2_VAL488,875,0.9591237853704108,0.75,0.8,1.0,0.75,0.8,1.0,0.75,0.8,1.0
126,RBD_TYR162_ACE2_SER489,874,0.9585684068832658,0.75,0.8,1.0,0.75,0.8,1.0,0.75,0.8,1.0
127,RBD_GLY182_ACE2_MET444,873,0.9577732636602861,0.75,0.8,1.0,0.75,0.8,1.0,0.75,0.8,1.0
128,RBD_SER25_ACE2_ASP332,872,0.957746633991983,0.75,0.8,1.0,0.75,0.8,1.0,1.0,1.0,1.0
129,RBD_TRP150_ACE2_MET252,871,0.9574260648592315,0.75,0.8,1.0,0.75,0.8,1.0,0.75,0.8,1.0
130,RBD_ARG151_ACE2_LEU485,870,0.9570126458730431,0.75,0.8,1.0,0.75,0.8,1.0,0.75,0.8,1.0
131,RBD_VAL191_ACE2_LEU550,869,0.9566873461598958,0.75,0.8,1.0,0.75,0.8,0.75,0.75,0.8,1.0
132,RBD_ALA146_ACE2_ALA246,868,0.9562897515147564,0.75,0.8,1.0,0.75,0.8,1.0,0.75,0.8,1.0
133,RBD_GLU153_ACE2_CYS480,867,0.9559480811377238,0.75,0.8,1.0,0.75,0.8,1.0,0.75,0.8,1.0
134,RBD_TYR184_ACE2_ARG442,866,0.955888384159341,0.75,0.8,1.0,0.75,0.8,1.0,0.75,0.8,1.0
135,RBD_LYS156_ACE2_ASP481,865,0.9557720812132445,0.75,0.8,1.0,0.75,0.8,1.0,0.75,0.8,1.0
136,RBD_ASN35_ACE2_ASP317,864,0.9550671152105754,0.75,0.8,1.0,0.75,0.8,1.0,0.75,0.8,1.0
137,RBD_MET105_ACE2_ASP491,863,0.9548571393632795,0.75,0.8,1.0,0.75,0.8,1.0,0.75,0.8,1.0
138,RBD_TYR140_ACE2_PRO235,862,0.9546162144949136,0.75,0.8,1.0,0.75,0.8,1.0,0.75,0.8,1.0
139,RBD_GLU164_ACE2_PHE446,861,0.9543198641997653,0.75,0.8,1.0,0.75,0.8,1.0,0.75,0.8,1.0
140,RBD_LEU98_ACE2_ASP491,860,0.9540541869994946,0.75,0.8,1.0,0.75,0.8,1.0,0.75,0.8,1.0
141,RBD_TRP145_ACE2_LEU248,859,0.9538178004260651,0.75,0.8,1.0,0.75,0.8,1.0,0.75,0.8,1.0
142,RBD_ASN35_ACE2_PRO318,858,0.953704276110886,0.75,0.8,1.0,0.75,0.8,1.0,0.75,0.8,1.0
143,RBD_SER106_ACE2_VAL488,857,0.9534121979675655,0.75,0.8,1.0,0.75,0.8,1.0,1.0,1.0,1.0
144,RBD_MET105_ACE2_VAL488,856,0.9530501264078217,0.75,0.8,1.0,0.75,0.8,1.0,0.75,0.8,1.0
145,RBD_VAL154_ACE2_SER489,855,0.9530384136793241,0.75,0.8,1.0,0.75,0.8,1.0,0.75,0.8,1.0
146,RBD_GLY155_ACE2_TRP253,854,0.9529573837499653,0.75,0.8,1.0,0.75,0.8,1.0,0.75,0.8,1.0
147,RBD_VAL166_ACE2_GLY448,853,0.952917967752208,0.75,0.8,1.0,0.75,0.8,1.0,0.75,0.8,1.0
148,RBD_GLY187_ACE2_GLY202,852,0.952907628316939,0.75,0.8,1.0,0.75,0.8,1.0,0.75,0.8,1.0
149,RBD_TRP150_ACE2_ASP481,851,0.9527148644658242,0.75,0.8,1.0,0.75,0.8,1.0,0.75,0.8,1.0
150,RBD_GLU17_ACE2_LEU373,850,0.9525812183622175,0.75,0.8,1.0,0.75,0.8,1.0,0.75,0.8,1.0
151,RBD_ALA81_ACE2_LEU373,849,0.9521839511082576,0.75,0.8,1.0,0.75,0.8,1.0,0.75,0.8,1.0
152,RBD_TYR109_ACE2_LEU485,848,0.9518861120110924,0.75,0.8,1.0,0.75,0.8,1.0,0.75,0.8,1.0
153,RBD_TYR32_ACE2_CYX326,847,0.9517601751003403,0.75,0.8,1.0,0.75,0.8,1.0,0.75,0.8,1.0
154,RBD_MET134_ACE2_THR258,846,0.9516104832002916,0.75,0.8,1.0,0.75,0.8,1.0,0.75,0.8,1.0
155,RBD_ASP12_ACE2_PRO371,845,0.9505625914806268,0.75,0.8,1.0,0.75,0.8,1.0,1.0,1.0,1.0
156,RBD_ASN103_ACE2_ASP491,844,0.9505026568029642,0.75,0.8,1.0,0.75,0.8,1.0,0.75,0.8,1.0
157,RBD_VAL167_ACE2_LYS447,843,0.9504517161118684,0.75,0.8,1.0,0.75,0.8,1.0,0.75,0.8,1.0
158,RBD_ASN170_ACE2_PHE446,842,0.950408812150786,0.75,0.8,1.0,0.75,0.8,1.0,0.75,0.8,1.0
159,RBD_ILE101_ACE2_ASP491,841,0.9502355058212681,0.75,0.8,1.0,0.75,0.8,1.0,0.75,0.8,1.0
160,RBD_ASP188_ACE2_ASN379,840,0.9502186139853894,0.75,0.8,1.0,0.75,0.8,1.0,1.0,1.0,1.0
161,RBD_LEU144_ACE2_PRO472,839,0.9500959689401409,0.75,0.8,1.0,0.75,0.8,1.0,0.75,0.8,1.0
162,RBD_TYR162_ACE2_VAL445,838,0.9499471144319009,0.75,0.8,1.0,0.75,0.8,1.0,0.75,0.8,1.0
163,RBD_MET134_ACE2_ALA246,837,0.9498466245430907,0.75,0.8,1.0,0.75,0.8,1.0,0.75,0.8,1.0
164,RBD_GLY182_ACE2_LEU438,836,0.9492278468129846,0.75,0.8,1.0,0.75,0.8,1.0,0.75,0.8,1.0
165,RBD_ASP183_ACE2_LYS447,835,0.9490361999052463,0.75,0.8,1.0,0.75,0.8,1.0,0.75,0.8,1.0
166,RBD_ASP198_ACE2_GLN203,834,0.9487292698288692,0.75,0.8,1.0,0.75,0.8,1.0,0.75,0.8,1.0
167,RBD_ARG151_ACE2_CYS480,833,0.9485677552665607,0.75,0.8,1.0,0.75,0.8,1.0,1.0,1.0,1.0
168,RBD_SER137_ACE2_ALA233,832,0.9484030200655545,0.75,0.8,1.0,0.75,0.8,1.0,0.75,0.8,1.0
169,RBD_GLY182_ACE2_PHE446,831,0.9479300136882887,0.75,0.8,1.0,0.75,0.8,1.0,0.75,0.8,1.0
170,RBD_ARG151_ACE2_THR478,830,0.9477401969264236,0.75,0.8,1.0,0.75,0.8,1.0,0.75,0.8,1.0
171,RBD_LEU144_ACE2_LEU249,829,0.9469872878393045,0.75,0.8,1.0,0.75,0.8,1.0,0.75,0.8,1.0
172,RBD_ARG151_ACE2_PRO482,828,0.9468652857113151,0.75,0.8,1.0,0.75,0.8,1.0,0.75,0.8,1.0
173,RBD_VAL75_ACE2_PRO371,827,0.9464735499202188,0.75,0.8,1.0,0.75,0.8,1.0,0.75,0.8,1.0
174,RBD_TYR181_ACE2_GLY448,826,0.9464728963569959,0.75,0.8,1.0,0.75,0.8,1.0,0.75,0.8,1.0
175,RBD_SER26_ACE2_ALA330,825,0.9459176915360868,0.75,0.8,1.0,0.75,0.8,1.0,0.75,0.8,1.0
176,RBD_TYR178_ACE2_ARG201,824,0.9457250151711057,0.75,0.8,1.0,0.75,0.8,1.0,0.75,0.8,1.0
177,RBD_LYS169_ACE2_PHE446,823,0.9457174613790716,0.75,0.8,1.0,0.75,0.8,1.0,0.75,0.8,1.0
178,RBD_SER137_ACE2_ASN259,822,0.9455099933038935,0.75,0.8,1.0,0.75,0.8,1.0,0.75,0.8,1.0
179,RBD_ASN141_ACE2_LEU248,821,0.9454103765836811,0.75,0.8,1.0,0.75,0.8,1.0,0.75,0.8,1.0
180,RBD_TRP30_ACE2_ASP332,820,0.9454101081310173,0.75,0.8,1.0,0.75,0.8,1.0,0.75,0.8,1.0
181,RBD_THR34_ACE2_ILE340,819,0.9449871949039192,0.75,0.8,1.0,0.75,0.8,1.0,0.75,0.8,1.0
182,RBD_TYR165_ACE2_PHE446,818,0.9449663583407467,0.75,0.8,1.0,0.75,0.8,1.0,1.0,1.0,1.0
183,RBD_ASN170_ACE2_LYS447,817,0.9449533880761286,0.75,0.8,1.0,0.75,0.8,1.0,1.0,1.0,1.0
184,RBD_ASN131_ACE2_TRP253,816,0.9446733073518527,0.75,0.8,1.0,0.75,0.8,1.0,0.75,0.8,1.0
185,RBD_LEU161_ACE2_VAL488,815,0.9444393550819987,0.75,0.8,1.0,0.75,0.8,1.0,0.75,0.8,1.0
186,RBD_GLU148_ACE2_VAL473,814,0.9444329370601221,0.75,0.8,1.0,0.75,0.8,1.0,0.75,0.8,1.0
187,RBD_TYR184_ACE2_TRP443,813,0.944343945650686,0.75,0.8,1.0,0.75,0.8,1.0,0.75,0.8,1.0
188,RBD_LEU138_ACE2_LEU263,812,0.9439862829185957,0.75,0.8,1.0,0.75,0.8,1.0,0.75,0.8,1.0
189,RBD_TRP150_ACE2_SER484,811,0.9438092728362663,0.75,0.8,1.0,0.75,0.8,1.0,0.75,0.8,1.0
190,RBD_ASN136_ACE2_HIE247,810,0.9436117300682582,0.75,0.8,1.0,0.75,0.8,1.0,0.75,0.8,1.0
191,RBD_TYR32_ACE2_LEU341,809,0.943480417630521,0.75,0.8,1.0,0.75,0.8,1.0,0.75,0.8,1.0
192,RBD_GLU148_ACE2_TYR479,808,0.9433488115578117,0.75,0.8,1.0,0.75,0.8,1.0,0.75,0.8,1.0
193,RBD_LEU138_ACE2_LEU230,807,0.9421855222344071,0.75,0.8,1.0,0.75,0.8,1.0,0.75,0.8,1.0
194,RBD_TYR140_ACE2_TYR237,806,0.9421492645185524,0.75,0.8,1.0,0.75,0.8,1.0,0.75,0.8,1.0
195,RBD_TYR199_ACE2_GLY202,805,0.9415773488631828,0.75,0.8,1.0,0.75,0.8,1.0,0.75,0.8,1.0
196,RBD_ASN35_ACE2_CYX326,804,0.9413489582814403,0.75,0.8,1.0,0.75,0.8,1.0,0.75,0.8,1.0
197,RBD_VAL191_ACE2_THR549,803,0.9411885472124003,0.75,0.8,1.0,0.75,0.8,1.0,0.75,0.8,1.0
198,RBD_ASN35_ACE2_GLN322,802,0.9405827042914328,0.75,0.8,1.0,0.75,0.8,1.0,0.75,0.8,1.0
199,RBD_TYR199_ACE2_ARG201,801,0.9403080606723658,0.75,0.8,1.0,0.75,0.8,1.0,0.75,0.8,1.0
200,RBD_LYS156_ACE2_TYR479,800,0.9397800299562522,0.75,0.8,1.0,0.75,0.8,1.0,0.75,0.8,1.0
201,RBD_ASP188_ACE2_GLY377,799,0.9397265301214659,0.75,0.8,1.0,0.75,0.8,1.0,0.75,0.8,1.0
202,RBD_GLU179_ACE2_GLY202,798,0.93916476075156,0.75,0.8,1.0,0.75,0.8,1.0,0.75,0.8,1.0
203,RBD_SER152_ACE2_CYS480,797,0.9387376166640435,0.75,0.8,1.0,0.75,0.8,1.0,0.75,0.8,1.0
204,RBD_TYR199_ACE2_ASN560,796,0.9385122137787739,0.75,0.8,1.0,0.75,0.8,1.0,0.75,0.8,1.0
205,RBD_ASP188_ACE2_GLY202,795,0.9377248286973566,0.75,0.8,1.0,0.75,0.8,1.0,0.75,0.8,1.0
206,RBD_GLY182_ACE2_SER493,794,0.9376339097229873,0.75,0.8,1.0,0.75,0.8,1.0,0.75,0.8,1.0
207,RBD_LEU138_ACE2_GLY250,793,0.9372906289018753,0.75,0.8,1.0,0.75,0.8,1.0,0.75,0.8,1.0
208,RBD_LEU144_ACE2_VAL473,792,0.9371658926653597,0.75,0.8,1.0,0.75,0.8,1.0,1.0,1.0,1.0
209,RBD_TYR184_ACE2_LYS447,791,0.9368938084299014,0.75,0.8,1.0,0.75,0.8,0.75,0.75,0.8,1.0
210,RBD_SER152_ACE2_THR478,790,0.9366942950621959,0.75,0.8,1.0,0.75,0.8,1.0,0.75,0.8,1.0
211,RBD_LEU138_ACE2_TYR234,789,0.936356312258858,0.75,0.8,1.0,0.75,0.8,1.0,0.75,0.8,1.0
212,RBD_GLY182_ACE2_ARG442,788,0.9363316471611791,0.75,0.8,1.0,0.75,0.8,1.0,0.75,0.8,1.0
213,RBD_LEU21_ACE2_LEU333,787,0.9363246345767374,0.75,0.8,1.0,0.75,0.8,1.0,0.75,0.8,1.0
214,RBD_TYR109_ACE2_VAL488,786,0.9362028000249307,0.75,0.8,1.0,0.75,0.8,1.0,0.75,0.8,1.0
215,RBD_ASN131_ACE2_MET252,785,0.9357679478113317,0.75,0.8,1.0,0.75,0.8,0.75,0.75,0.8,1.0
216,RBD_PHE14_ACE2_PRO371,784,0.9354165629415823,0.75,0.8,1.0,0.75,0.8,1.0,0.75,0.8,1.0
217,RBD_GLU148_ACE2_ASP251,783,0.9352520511050068,0.75,0.8,1.0,0.75,0.8,1.0,0.75,0.8,1.0
218,RBD_LYS156_ACE2_HIE475,782,0.9352229224491374,0.75,0.8,1.0,0.75,0.8,1.0,0.75,0.8,1.0
219,RBD_TYR189_ACE2_GLY377,781,0.9351092841844382,0.75,0.8,1.0,0.75,0.8,1.0,0.75,0.8,1.0
220,RBD_TYR23_ACE2_LYS335,780,0.9350075429391379,0.75,0.8,1.0,0.75,0.8,1.0,0.75,0.8,1.0
221,RBD_LEU79_ACE2_LEU373,779,0.9346107520766188,0.75,0.8,1.0,0.75,0.8,0.5,0.75,0.8,1.0
222,RBD_THR107_ACE2_SER489,778,0.9341875765041577,0.75,0.8,1.0,0.75,0.8,1.0,0.75,0.8,1.0
223,RBD_ASN31_ACE2_LEU333,777,0.9337724823224652,0.75,0.8,1.0,0.75,0.8,1.0,0.75,0.8,1.0
224,RBD_TRP185_ACE2_SER493,776,0.9337659801574576,0.75,0.8,1.0,0.75,0.8,1.0,0.75,0.8,1.0
225,RBD_LEU126_ACE2_TRP253,775,0.9333380138126701,0.75,0.8,1.0,0.75,0.8,1.0,0.75,0.8,1.0
226,RBD_GLY182_ACE2_VAL445,774,0.9333157585505795,0.75,0.8,1.0,0.75,0.8,1.0,0.75,0.8,1.0
227,RBD_TYR189_ACE2_ASN379,773,0.9331873398227113,0.75,0.8,1.0,0.75,0.8,1.0,0.75,0.8,1.0
228,RBD_LEU82_ACE2_PHE372,772,0.9330214769421387,0.75,0.8,1.0,0.75,0.8,0.75,0.75,0.8,1.0
229,RBD_MET134_ACE2_GLY250,771,0.9328400128290758,0.75,0.8,1.0,0.75,0.8,1.0,0.75,0.8,1.0
230,RBD_ARG186_ACE2_GLY381,770,0.9326317060528744,0.75,0.8,1.0,0.75,0.8,0.75,0.75,0.8,1.0
231,RBD_VAL194_ACE2_LEU550,769,0.9321160975037248,0.75,0.8,1.0,0.75,0.8,1.0,0.75,0.8,1.0
232,RBD_TYR189_ACE2_ARG201,768,0.9314055706258382,0.75,0.8,1.0,1.0,1.0,1.0,0.75,0.8,1.0
233,RBD_LYS76_ACE2_LEU373,767,0.9310006279714048,0.75,0.8,1.0,0.75,0.8,1.0,0.75,0.8,1.0
234,RBD_ILE133_ACE2_ASN259,766,0.9309283131200331,0.75,0.8,1.0,0.75,0.8,1.0,0.75,0.8,1.0
235,RBD_VAL191_ACE2_ARG201,765,0.9307384580157189,0.75,0.8,1.0,0.75,0.8,1.0,0.75,0.8,1.0
236,RBD_TYR165_ACE2_ASN490,764,0.9305479264564692,0.75,0.8,1.0,0.75,0.8,1.0,0.75,0.8,1.0
237,RBD_TYR184_ACE2_PHE446,763,0.9304697594581542,0.75,0.8,1.0,0.75,0.8,1.0,0.75,0.8,1.0
238,RBD_LYS76_ACE2_SER545,762,0.9299319749810294,0.75,0.8,1.0,0.75,0.8,1.0,0.75,0.8,1.0
239,RBD_TRP145_ACE2_PRO472,761,0.9298315780844137,0.75,0.8,1.0,0.75,0.8,1.0,0.75,0.8,1.0
240,RBD_TYR178_ACE2_LYS447,760,0.9297458947345189,0.75,0.8,1.0,0.75,0.8,1.0,0.75,0.8,1.0
241,RBD_ASN31_ACE2_TRP331,759,0.9297089823550171,0.75,0.8,1.0,0.75,0.8,1.0,0.75,0.8,1.0
242,RBD_LEU158_ACE2_TYR479,758,0.9291243725220328,0.75,0.8,1.0,0.75,0.8,1.0,1.0,1.0,1.0
243,RBD_ASN103_ACE2_SER489,757,0.9286063488468759,0.75,0.8,1.0,0.75,0.8,0.75,0.75,0.8,1.0
244,RBD_PHE14_ACE2_LEU373,756,0.9284017083665898,0.75,0.8,1.0,0.75,0.8,1.0,0.75,0.8,1.0
245,RBD_VAL167_ACE2_GLY448,755,0.9282926522714415,0.75,0.8,1.0,0.75,0.8,1.0,0.75,0.8,1.0
246,RBD_ASN170_ACE2_VAL445,754,0.9282475516956603,0.75,0.8,1.0,0.75,0.8,0.75,0.75,0.8,1.0
247,RBD_SER137_ACE2_GLY250,753,0.9281378427782683,0.75,0.8,1.0,0.75,0.8,0.875,0.75,0.8,1.0
248,RBD_GLU17_ACE2_PHE372,752,0.9278531742816206,0.75,0.8,1.0,0.75,0.8,1.0,0.75,0.8,1.0
249,RBD_ASN136_ACE2_LEU249,751,0.9277628688174614,0.75,0.8,1.0,0.75,0.8,1.0,0.75,0.8,1.0
250,RBD_LEU158_ACE2_ASP481,750,0.9273683951685414,0.75,0.8,1.0,0.75,0.8,1.0,0.75,0.8,1.0
251,RBD_GLN157_ACE2_CYS480,749,0.9270010207299417,0.75,0.8,1.0,0.75,0.8,1.0,0.75,0.8,1.0
252,RBD_ALA135_ACE2_LEU249,748,0.9266322809839694,0.75,0.8,1.0,0.75,0.8,1.0,0.75,0.8,1.0
253,RBD_ARG186_ACE2_GLU206,747,0.9263673392136571,0.75,0.8,1.0,0.75,0.8,1.0,0.75,0.8,1.0
254,RBD_GLU148_ACE2_HIE475,746,0.9262136130889066,0.75,0.8,1.0,0.75,0.8,1.0,0.75,0.8,1.0
255,RBD_GLN157_ACE2_SER484,745,0.9259752383602866,0.75,0.8,1.0,0.75,0.8,1.0,0.75,0.8,1.0
256,RBD_TYR109_ACE2_HIE487,744,0.9254392704762145,0.75,0.8,1.0,0.75,0.8,1.0,0.75,0.8,1.0
257,RBD_TYR165_ACE2_VAL445,743,0.9249639694067017,0.75,0.8,1.0,0.75,0.8,1.0,0.75,0.8,1.0
258,RBD_LEU161_ACE2_ALA483,742,0.9249271599669759,0.75,0.8,1.0,0.75,0.8,0.75,1.0,1.0,1.0
259,RBD_TYR162_ACE2_LYS452,741,0.9246451054139151,0.75,0.8,1.0,0.75,0.8,1.0,0.75,0.8,1.0
260,RBD_LEU138_ACE2_LEU248,740,0.9242477523614241,0.75,0.8,1.0,0.75,0.8,1.0,0.75,0.8,1.0
261,RBD_ALA18_ACE2_PHE372,739,0.9241729000279424,0.75,0.8,1.0,0.75,0.8,1.0,0.75,0.8,1.0
262,RBD_THR107_ACE2_PHE486,738,0.9240224524870413,0.75,0.8,1.0,0.75,0.8,1.0,0.75,0.8,1.0
263,RBD_ASN33_ACE2_TRP331,737,0.9236818796343244,0.75,0.8,1.0,0.75,0.8,1.0,0.75,0.8,1.0
264,RBD_ASN131_ACE2_GLY254,736,0.9235816934931467,0.75,0.8,1.0,0.75,0.8,1.0,0.75,0.8,1.0
265,RBD_ARG186_ACE2_ARG201,735,0.9234511904170355,0.75,0.8,1.0,0.75,0.8,1.0,0.75,0.8,1.0
266,RBD_GLY155_ACE2_SER489,734,0.9233806080158523,0.75,0.8,1.0,0.75,0.8,1.0,0.75,0.8,1.0
267,RBD_MET134_ACE2_LEU249,733,0.9229545043994751,0.75,0.8,1.0,0.75,0.8,1.0,0.75,0.8,1.0
268,RBD_TYR140_ACE2_TYR234,732,0.9228822245428476,0.75,0.8,1.0,0.75,0.8,1.0,0.75,0.8,1.0
269,RBD_LEU144_ACE2_ALA246,731,0.9227162431985793,0.75,0.8,1.0,0.75,0.8,1.0,0.75,0.8,1.0
270,RBD_GLY182_ACE2_LYS440,730,0.9224219471629599,0.75,0.8,1.0,0.75,0.8,1.0,0.75,0.8,1.0
271,RBD_PRO160_ACE2_CYS480,729,0.9223725744129767,0.75,0.8,1.0,0.75,0.8,1.0,0.75,0.8,1.0
272,RBD_GLY155_ACE2_THR478,728,0.9219377031978778,0.75,0.8,1.0,0.75,0.8,1.0,0.75,0.8,1.0
273,RBD_ASP183_ACE2_ARG442,727,0.921617172138503,0.75,0.8,1.0,0.75,0.8,0.75,0.75,0.8,1.0
274,RBD_ASP180_ACE2_TRP443,726,0.9213592048385946,0.75,0.8,1.0,0.75,0.8,1.0,0.75,0.8,1.0
275,RBD_ASN136_ACE2_LEU263,725,0.9213303208205826,0.75,0.8,1.0,0.75,0.8,1.0,0.75,0.8,1.0
276,RBD_TRP145_ACE2_MET252,724,0.9207669163259771,0.75,0.8,1.0,0.75,0.8,1.0,0.75,0.8,1.0
277,RBD_ARG186_ACE2_ARG496,723,0.9200244629381586,0.75,0.8,1.0,0.75,0.8,1.0,0.75,0.8,1.0
278,RBD_ALA173_ACE2_LYS447,722,0.9200215330898269,0.75,0.8,1.0,0.75,0.8,1.0,0.75,0.8,1.0
279,RBD_ARG159_ACE2_THR478,721,0.9196194286021573,0.75,0.8,1.0,0.75,0.8,1.0,0.75,0.8,1.0
280,RBD_GLU179_ACE2_TRP443,720,0.9191827562442287,0.75,0.8,1.0,0.75,0.8,1.0,0.75,0.8,1.0
281,RBD_LEU102_ACE2_ASN490,719,0.9190565644329669,0.75,0.8,1.0,0.75,0.8,1.0,0.75,0.8,1.0
282,RBD_TYR181_ACE2_GLU439,718,0.9185383633795196,0.75,0.8,1.0,0.75,0.8,1.0,0.75,0.8,1.0
283,RBD_LEU161_ACE2_SER484,717,0.9181219127183474,0.75,0.8,1.0,0.75,0.8,1.0,0.75,0.8,1.0
284,RBD_SER149_ACE2_SER484,716,0.917421593096368,0.75,0.8,1.0,0.75,0.8,0.75,0.75,0.8,1.0
285,RBD_ASN170_ACE2_GLY448,715,0.9170398151505147,0.75,0.8,1.0,0.75,0.8,1.0,0.75,0.8,1.0
286,RBD_MET134_ACE2_ASP251,714,0.9168905430410007,0.75,0.8,1.0,0.75,0.8,0.75,0.75,0.8,1.0
287,RBD_TYR184_ACE2_ILE495,713,0.9168422299020316,0.75,0.8,1.0,0.75,0.8,1.0,0.75,0.8,1.0
288,RBD_ASN15_ACE2_GLY334,712,0.9167778864435896,0.75,0.8,1.0,0.75,0.8,1.0,0.75,0.8,1.0
289,RBD_VAL167_ACE2_VAL445,711,0.9163917602674819,0.75,0.8,1.0,0.75,0.8,1.0,0.75,0.8,1.0
290,RBD_GLY182_ACE2_LEU204,710,0.915833903252601,0.75,0.8,1.0,0.75,0.8,1.0,0.75,0.8,1.0
291,RBD_TYR197_ACE2_PRO547,709,0.9153915277941499,0.75,0.8,1.0,0.75,0.8,1.0,0.75,0.8,1.0
292,RBD_ALA135_ACE2_TYR261,708,0.915000786139711,0.75,0.8,1.0,0.75,0.8,1.0,0.75,0.8,1.0
293,RBD_VAL154_ACE2_SER484,707,0.9149383471213806,0.75,0.8,1.0,0.75,0.8,1.0,1.0,1.0,1.0
294,RBD_LEU27_ACE2_GLY334,706,0.9148519923347759,0.75,0.8,1.0,0.75,0.8,1.0,0.75,0.8,1.0
295,RBD_ILE133_ACE2_HIE247,705,0.9142444061707914,0.75,0.8,1.0,0.75,0.8,1.0,0.75,0.8,1.0
296,RBD_ASP183_ACE2_PHE446,704,0.9138035029959994,0.75,0.8,1.0,0.75,0.8,1.0,0.75,0.8,1.0
297,RBD_SER26_ACE2_GLY334,703,0.9137752766405682,0.75,0.8,1.0,0.75,0.8,1.0,0.75,0.8,1.0
298,RBD_ALA135_ACE2_ASP251,702,0.9136432892030742,0.75,0.8,1.0,0.75,0.8,1.0,0.75,0.8,1.0
299,RBD_THR34_ACE2_MET314,701,0.9133059621162829,0.75,0.8,1.0,0.75,0.8,1.0,0.75,0.8,1.0
300,RBD_THR74_ACE2_GLU546,700,0.9128660334079142,0.75,0.8,1.0,0.75,0.8,1.0,0.75,0.8,1.0
301,RBD_GLU163_ACE2_GLY448,699,0.9128307670047308,0.75,0.8,1.0,0.75,0.8,1.0,0.75,0.8,1.0
302,RBD_GLU19_ACE2_ARG375,698,0.9126344505641231,0.75,0.8,1.0,0.75,0.8,1.0,0.75,0.8,1.0
303,RBD_GLN78_ACE2_PRO371,697,0.9123846668933622,0.75,0.8,1.0,0.75,0.8,1.0,0.75,0.8,1.0
304,RBD_VAL167_ACE2_PHE446,696,0.9116988775859002,0.75,0.8,1.0,0.75,0.8,1.0,0.75,0.8,1.0
305,RBD_GLY182_ACE2_ILE495,695,0.9111517279894221,0.75,0.8,1.0,0.75,0.8,0.75,1.0,1.0,1.0
306,RBD_TRP147_ACE2_LEU485,694,0.9109792677323918,0.75,0.8,1.0,0.75,0.8,0.75,0.75,0.8,1.0
307,RBD_LYS169_ACE2_ASP491,693,0.9108985128831054,0.75,0.8,1.0,0.75,0.8,1.0,0.75,0.8,1.0
308,RBD_ALA146_ACE2_MET252,692,0.9102476679902474,0.75,0.8,1.0,0.75,0.8,1.0,0.75,0.8,1.0
309,RBD_LEU82_ACE2_LEU373,691,0.9102111676269389,0.75,0.8,1.0,0.75,0.8,1.0,1.0,1.0,1.0
310,RBD_GLU17_ACE2_GLY334,690,0.9088084605302019,0.75,0.8,1.0,0.75,0.8,1.0,0.75,0.8,1.0
311,RBD_SER200_ACE2_GLY202,689,0.9085132090416601,0.75,0.8,1.0,0.75,0.8,1.0,0.75,0.8,1.0
312,RBD_TYR23_ACE2_LEU333,688,0.9078841597434204,0.75,0.8,1.0,0.75,0.8,1.0,1.0,1.0,1.0
313,RBD_LEU11_ACE2_LEU373,687,0.9076769076446549,0.75,0.8,1.0,0.75,0.8,1.0,0.75,0.8,1.0
314,RBD_MET134_ACE2_GLY254,686,0.9075915730080968,0.75,0.8,1.0,0.75,0.8,1.0,0.75,0.8,1.0
315,RBD_LEU144_ACE2_GLY250,685,0.9074944622616776,0.75,0.8,1.0,1.0,1.0,1.0,0.75,0.8,1.0
316,RBD_MET134_ACE2_ASN259,684,0.9074934614483181,0.75,0.8,1.0,0.75,0.8,1.0,1.0,1.0,1.0
317,RBD_GLY155_ACE2_PRO482,683,0.9071599341718836,0.75,0.8,1.0,0.75,0.8,1.0,0.75,0.8,1.0
318,RBD_ASP188_ACE2_LYS544,682,0.9069507520431009,0.75,0.8,1.0,0.75,0.8,0.75,0.75,0.8,1.0
319,RBD_TYR181_ACE2_MET444,681,0.9065671117866253,0.75,0.8,1.0,0.75,0.8,1.0,0.75,0.8,1.0
320,RBD_TYR162_ACE2_PHE446,680,0.9064133152882122,0.75,0.8,1.0,0.75,0.8,1.0,0.75,0.8,1.0
321,RBD_TYR162_ACE2_CYS480,679,0.9061664093093199,0.75,0.8,1.0,0.75,0.8,1.0,0.75,0.8,1.0
322,RBD_LYS169_ACE2_VAL445,678,0.906123481430271,0.75,0.8,1.0,0.75,0.8,1.0,0.75,0.8,1.0
323,RBD_GLU19_ACE2_LEU333,677,0.9052361259221776,0.75,0.8,1.0,0.75,0.8,1.0,0.75,0.8,1.0
324,RBD_TRP185_ACE2_ARG496,676,0.9052265086402181,0.75,0.8,1.0,0.75,0.8,1.0,0.75,0.8,1.0
325,RBD_TYR189_ACE2_ALA378,675,0.9045543067830207,0.75,0.8,1.0,0.75,0.8,1.0,0.75,0.8,1.0
326,RBD_MET134_ACE2_PHE256,674,0.9045093383653975,0.75,0.8,1.0,0.75,0.8,1.0,0.75,0.8,1.0
327,RBD_PHE22_ACE2_PHE372,673,0.9043402485549822,0.75,0.8,1.0,0.75,0.8,1.0,0.75,0.8,1.0
328,RBD_SER149_ACE2_PRO472,672,0.9042225309593925,0.75,0.8,1.0,0.75,0.8,1.0,1.0,1.0,1.0
329,RBD_GLU148_ACE2_PRO474,671,0.9034963917636848,0.75,0.8,1.0,0.75,0.8,1.0,1.0,1.0,1.0
330,RBD_GLU163_ACE2_CYS480,670,0.9032753175574607,0.75,0.8,1.0,0.75,0.8,1.0,0.75,0.8,1.0
331,RBD_SER149_ACE2_ASP481,669,0.9032323652603821,0.75,0.8,1.0,0.75,0.8,1.0,0.75,0.8,1.0
332,RBD_LEU161_ACE2_SER489,668,0.902907159316758,0.75,0.8,1.0,0.75,0.8,1.0,0.75,0.8,1.0
333,RBD_LEU138_ACE2_LEU260,667,0.9028056042296204,0.75,0.8,1.0,0.75,0.8,1.0,0.75,0.8,1.0
334,RBD_VAL166_ACE2_VAL488,666,0.9026008480074668,0.75,0.8,1.0,0.75,0.8,1.0,0.75,0.8,1.0
335,RBD_ILE36_ACE2_VAL325,665,0.9025189431496332,0.75,0.8,1.0,0.75,0.8,1.0,0.75,0.8,1.0
336,RBD_TRP147_ACE2_MET252,664,0.9020549118748528,0.75,0.8,1.0,0.75,0.8,1.0,0.75,0.8,1.0
337,RBD_TRP30_ACE2_THR329,663,0.9020439183113836,0.75,0.8,1.0,0.75,0.8,1.0,0.75,0.8,1.0
338,RBD_LYS156_ACE2_CYS480,662,0.9020238886906413,0.75,0.8,1.0,0.75,0.8,1.0,0.75,0.8,1.0
339,RBD_ASP183_ACE2_GLU439,661,0.9019012347376095,0.75,0.8,1.0,0.75,0.8,1.0,0.75,0.8,1.0
340,RBD_ALA18_ACE2_LYS335,660,0.9017296272412844,0.75,0.8,1.0,0.75,0.8,1.0,1.0,1.0,1.0
341,RBD_TYR23_ACE2_ASP332,659,0.9013524380018834,0.75,0.8,1.0,0.75,0.8,0.625,0.75,0.8,1.0
342,RBD_ARG159_ACE2_GLU477,658,0.9012343380200554,0.75,0.8,1.0,0.75,0.8,0.75,0.75,0.8,1.0
343,RBD_THR34_ACE2_ARG339,657,0.9004517204793309,0.75,0.8,1.0,0.75,0.8,1.0,0.75,0.8,1.0
344,RBD_TRP30_ACE2_ALA330,656,0.9000387345779509,0.75,0.8,1.0,0.75,0.8,1.0,0.75,0.8,1.0
